VendorID,vendorName,productID,productName,productPrice
B-V000,Golden Fork Supplies LLC,B-P0001,Almond Milk Unsweetened,52.04
B-V000,Golden Fork Supplies LLC,B-P0002,Roasted Garlic Puree,24.03
B-V000,Golden Fork Supplies LLC,B-P0003,Tomato Basil Sauce,56.55
B-V000,Golden Fork Supplies LLC,B-P0004,Roasted Garlic Puree,85.73
B-V000,Golden Fork Supplies LLC,B-P0005,Organic Chicken Breast,151.78
B-V000,Golden Fork Supplies LLC,B-P0006,Almond Milk Unsweetened,36.39
B-V000,Golden Fork Supplies LLC,B-P0007,Cheddar Cheese Slices,30.12
B-V000,Golden Fork Supplies LLC,B-P0008,Sun-Dried Tomatoes,102.46
B-V000,Golden Fork Supplies LLC,B-P0009,Basmati Rice 5kg,170.18
B-V000,Golden Fork Supplies LLC,B-P0010,Fresh Roma Tomatoes,17.92
B-V000,Golden Fork Supplies LLC,B-P0011,Fresh Roma Tomatoes,164.85
B-V000,Golden Fork Supplies LLC,B-P0012,Truffle Aioli Sauce,42.29
B-V000,Golden Fork Supplies LLC,B-P0013,Fresh Roma Tomatoes,131.49
B-V000,Golden Fork Supplies LLC,B-P0014,Frozen Shrimp 1kg,106.15
B-V000,Golden Fork Supplies LLC,B-P0015,Roasted Garlic Puree,54.51
B-V001,OceanCatch Ltd.,B-P0016,Mozzarella Cheese Block,148.82
B-V001,OceanCatch Ltd.,B-P0017,Brown Sugar 2kg,182
B-V001,OceanCatch Ltd.,B-P0018,Cheddar Cheese Slices,169.72
B-V001,OceanCatch Ltd.,B-P0019,Smoked Turkey Slices,163.61
B-V001,OceanCatch Ltd.,B-P0020,Cheddar Cheese Slices,78.93
B-V001,OceanCatch Ltd.,B-P0021,Fresh Roma Tomatoes,157.52
B-V001,OceanCatch Ltd.,B-P0022,Whole Grain Pasta,125.68
B-V001,OceanCatch Ltd.,B-P0023,Sun-Dried Tomatoes,114.52
B-V001,OceanCatch Ltd.,B-P0024,Premium Olive Oil,147.01
B-V001,OceanCatch Ltd.,B-P0025,Ground Beef 80/20,30.9
B-V001,OceanCatch Ltd.,B-P0026,Almond Milk Unsweetened,209.09
B-V001,OceanCatch Ltd.,B-P0027,Basmati Rice 5000g,158.12
B-V001,OceanCatch Ltd.,B-P0028,Frozen Shrimp 1kg,114.71
B-V001,OceanCatch Ltd.,B-P0029,Greek Yogurt 1L,12.99
B-V001,OceanCatch Ltd.,B-P0030,Smoked Turkey Slices,185.02
B-V002,GreenLeaf Organics,B-P0031,Whole Wheat Burger Buns,128.99
B-V002,GreenLeaf Organics,B-P0032,Sparkling Water - Lime,91.11
B-V002,GreenLeaf Organics,B-P0033,Tomato Basil Sauce,150.45
B-V002,GreenLeaf Organics,B-P0034,Truffle Aioli Sauce,88.54
B-V002,GreenLeaf Organics,B-P0035,Fresh Roma Tomatoes,75.55
B-V002,GreenLeaf Organics,B-P0036,Organic Chicken Breast,21.46
B-V002,GreenLeaf Organics,B-P0037,Mozzarella Cheese Block,164.25
B-V002,GreenLeaf Organics,B-P0038,Greek Yogurt 1L,55.12
B-V002,GreenLeaf Organics,B-P0039,Brown Sugar 2kg,118.83
B-V002,GreenLeaf Organics,B-P0040,Whole Grain Pasta,45.54
B-V002,GreenLeaf Organics,B-P0041,Whole Grain Pasta,91.17
B-V002,GreenLeaf Organics,B-P0042,Premium Olive Oil,20.44
B-V002,GreenLeaf Organics,B-P0043,Tomato Basil Sauce,104.81
B-V002,GreenLeaf Organics,B-P0044,Sun-Dried Tomatoes,61
B-V002,GreenLeaf Organics,B-P0045,Roasted Garlic Puree,31.28
B-V003,Bella Pasta Co. Group,B-P0046,Frozen Shrimp 1kg,93.58
B-V003,Bella Pasta Co. Group,B-P0047,Mozzarella Cheese Block,40.38
B-V003,Bella Pasta Co. Group,B-P0048,Sun-Dried Tomatoes,59.77
B-V003,Bella Pasta Co. Group,B-P0049,Basmati Rice 5kg,53.78
B-V003,Bella Pasta Co. Group,B-P0050,Mozzarella Cheese Block,154.68
B-V003,Bella Pasta Co. Group,B-P0051,Sourdough Bread Loaf,201.7
B-V003,Bella Pasta Co. Group,B-P0052,Fresh Roma Tomatoes,156.92
B-V003,Bella Pasta Co. Group,B-P0053,Smoked Turkey Slices,88.09
B-V003,Bella Pasta Co. Group,B-P0054,Mozzarella Cheese Block,129.82
B-V003,Bella Pasta Co. Group,B-P0055,Sourdough Bread Loaf,72.49
B-V003,Bella Pasta Co. Group,B-P0056,Ground Beef 80/20,57.25
B-V003,Bella Pasta Co. Group,B-P0057,Basmati Rice 5Kg,87.36
B-V003,Bella Pasta Co. Group,B-P0058,Sparkling Water - Lime,201.21
B-V003,Bella Pasta Co. Group,B-P0059,Sourdough Bread Loaf,64.97
B-V003,Bella Pasta Co. Group,B-P0060,Truffle Aioli Sauce,64.7
B-V004,Urban Bites Distributors,B-P0061,Sourdough Bread Loaf,12.48
B-V004,Urban Bites Distributors,B-P0062,Premium Olive Oil,173.91
B-V004,Urban Bites Distributors,B-P0063,Premium Olive Oil,144.47
B-V004,Urban Bites Distributors,B-P0064,Tomato Basil Sauce,150.28
B-V004,Urban Bites Distributors,B-P0065,Almond Milk Unsweetened,114.69
B-V004,Urban Bites Distributors,B-P0066,Mozzarella Cheese Block,26.31
B-V004,Urban Bites Distributors,B-P0067,Organic Chicken Breast,80.42
B-V004,Urban Bites Distributors,B-P0068,Frozen Shrimp 1kg,152.67
B-V004,Urban Bites Distributors,B-P0069,Premium Olive Oil,24.52
B-V004,Urban Bites Distributors,B-P0070,Truffle Aioli Sauce,111.69
B-V004,Urban Bites Distributors,B-P0071,Basmati Rice 5kg,85.61
B-V004,Urban Bites Distributors,B-P0072,Tomato Basil Sauce,147.41
B-V004,Urban Bites Distributors,B-P0073,Whole Grain Pasta,209.25
B-V004,Urban Bites Distributors,B-P0074,Frozen Shrimp 1kg,185.87
B-V004,Urban Bites Distributors,B-P0075,Ground Beef 80/20,164.04
B-V005,PrimeMeat Wholesale Group,B-P0076,Almond Milk Unsweetened,43.25
B-V005,PrimeMeat Wholesale Group,B-P0077,Greek Yogurt 1L,50.69
B-V005,PrimeMeat Wholesale Group,B-P0078,Smoked Turkey Slices,50.56
B-V005,PrimeMeat Wholesale Group,B-P0079,Fresh Roma Tomatoes,199.19
B-V005,PrimeMeat Wholesale Group,B-P0080,Cheddar Cheese Slices,151.33
B-V005,PrimeMeat Wholesale Group,B-P0081,Premium Olive Oil,179.49
B-V005,PrimeMeat Wholesale Group,B-P0082,Almond Milk Unsweetened,18.06
B-V005,PrimeMeat Wholesale Group,B-P0083,Ground Beef 80/20,90.78
B-V005,PrimeMeat Wholesale Group,B-P0084,Brown Sugar 2kg,45.52
B-V005,PrimeMeat Wholesale Group,B-P0085,Sourdough Bread Loaf,180.81
B-V005,PrimeMeat Wholesale Group,B-P0086,Fresh Roma Tomatoes,196.51
B-V005,PrimeMeat Wholesale Group,B-P0087,Premium Olive Oil,141.15
B-V005,PrimeMeat Wholesale Group,B-P0088,Whole Grain Pasta,67.53
B-V005,PrimeMeat Wholesale Group,B-P0089,Cheddar Cheese Slices,136.08
B-V005,PrimeMeat Wholesale Group,B-P0090,Organic Chicken Breast,71.61
B-V006,DailyDairy Co.,B-P0091,Sun-Dried Tomatoes,99.46
B-V006,DailyDairy Co.,B-P0092,Frozen Shrimp 1kg,139.61
B-V006,DailyDairy Co.,B-P0093,Sparkling Water - Lime,76.24
B-V006,DailyDairy Co.,B-P0094,Smoked Turkey Slices,148.43
B-V006,DailyDairy Co.,B-P0095,Greek Yogurt 1L,123.98
B-V006,DailyDairy Co.,B-P0096,Brown Sugar 2kg,46
B-V006,DailyDairy Co.,B-P0097,Whole Wheat Burger Buns,141.41
B-V006,DailyDairy Co.,B-P0098,Premium Olive Oil,167.5
B-V006,DailyDairy Co.,B-P0099,Sourdough Bread Loaf,97.4
B-V006,DailyDairy Co.,B-P0100,Sun-Dried Tomatoes,149.16
B-V006,DailyDairy Co.,B-P0101,Sun-Dried Tomatoes,134.76
B-V006,DailyDairy Co.,B-P0102,Roasted Garlic Puree,101.57
B-V006,DailyDairy Co.,B-P0103,Sun-Dried Tomatoes,60.88
B-V006,DailyDairy Co.,B-P0104,Sourdough Bread Loaf,100.84
B-V006,DailyDairy Co.,B-P0105,Basmati Rice 5kg,58.84
B-V007,Sunrise Produce,B-P0106,Whole Wheat Burger Buns,49.24
B-V007,Sunrise Produce,B-P0107,Whole Grain Pasta,66.49
B-V007,Sunrise Produce,B-P0108,Whole Grain Pasta,89.99
B-V007,Sunrise Produce,B-P0109,Brown Sugar 2kg,79.83
B-V007,Sunrise Produce,B-P0110,Cheddar Cheese Slices,173.48
B-V007,Sunrise Produce,B-P0111,Roasted Garlic Puree,152.88
B-V007,Sunrise Produce,B-P0112,Whole Grain Pasta,105.72
B-V007,Sunrise Produce,B-P0113,Cheddar Cheese Slices,161.78
B-V007,Sunrise Produce,B-P0114,Roasted Garlic Puree,15.31
B-V007,Sunrise Produce,B-P0115,Organic Chicken Breast,27.85
B-V007,Sunrise Produce,B-P0116,Frozen Shrimp 1kg,18.42
B-V007,Sunrise Produce,B-P0117,Ground Beef 80/20,77.87
B-V007,Sunrise Produce,B-P0118,Whole Grain Pasta,52.36
B-V007,Sunrise Produce,B-P0119,Roasted Garlic Puree,20.5
B-V007,Sunrise Produce,B-P0120,Mozzarella Cheese Block,163.7
B-V008,RedBarn Bakers Group,B-P0121,Whole Wheat Burger Buns,108.93
B-V008,RedBarn Bakers Group,B-P0122,Sun-Dried Tomatoes,145.93
B-V008,RedBarn Bakers Group,B-P0123,Premium Olive Oil,151.82
B-V008,RedBarn Bakers Group,B-P0124,Brown Sugar 2kg,15.41
B-V008,RedBarn Bakers Group,B-P0125,Cheddar Cheese Slices,86.93
B-V008,RedBarn Bakers Group,B-P0126,Smoked Turkey Slices,31.1
B-V008,RedBarn Bakers Group,B-P0127,Brown Sugar 2kg,156.43
B-V008,RedBarn Bakers Group,B-P0128,Truffle Aioli Sauce,24.72
B-V008,RedBarn Bakers Group,B-P0129,Greek Yogurt 1L,31.3
B-V008,RedBarn Bakers Group,B-P0130,Whole Grain Pasta,44.48
B-V008,RedBarn Bakers Group,B-P0131,Roasted Garlic Puree,167.42
B-V008,RedBarn Bakers Group,B-P0132,Brown Sugar 2Kg,58.3
B-V008,RedBarn Bakers Group,B-P0133,Sun-Dried Tomatoes,57.57
B-V008,RedBarn Bakers Group,B-P0134,Cheddar Cheese Slices,71.33
B-V008,RedBarn Bakers Group,B-P0135,Greek Yogurt 1L,48.08
B-V009,BlueSea Imports,B-P0136,Roasted Garlic Puree,11.31
B-V009,BlueSea Imports,B-P0137,Whole Grain Pasta,105.83
B-V009,BlueSea Imports,B-P0138,Greek Yogurt 1L,91.23
B-V009,BlueSea Imports,B-P0139,Cheddar Cheese Slices,143.75
B-V009,BlueSea Imports,B-P0140,Greek Yogurt 1L,126.6
B-V009,BlueSea Imports,B-P0141,Roasted Garlic Puree,70.03
B-V009,BlueSea Imports,B-P0142,Smoked Turkey Slices,30.42
B-V009,BlueSea Imports,B-P0143,Roasted Garlic Puree,179.85
B-V009,BlueSea Imports,B-P0144,Greek Yogurt 1L,68.54
B-V009,BlueSea Imports,B-P0145,Tomato Basil Sauce,63.67
B-V009,BlueSea Imports,B-P0146,Roasted Garlic Puree,31.02
B-V009,BlueSea Imports,B-P0147,Basmati Rice 5kg,153.01
B-V009,BlueSea Imports,B-P0148,Greek Yogurt 1L,28.22
B-V009,BlueSea Imports,B-P0149,Greek Yogurt 1L,85.28
B-V009,BlueSea Imports,B-P0150,Greek Yogurt 1L,31.63
B-V010,Tuscany Treats LLC,B-P0151,Whole Wheat Burger Buns,35.17
B-V010,Tuscany Treats LLC,B-P0152,Smoked Turkey Slices,34.3
B-V010,Tuscany Treats LLC,B-P0153,Cheddar Cheese Slices,102.49
B-V010,Tuscany Treats LLC,B-P0154,Whole Grain Pasta,74.11
B-V010,Tuscany Treats LLC,B-P0155,Tomato Basil Sauce,118.06
B-V010,Tuscany Treats LLC,B-P0156,Smoked Turkey Slices,38.74
B-V010,Tuscany Treats LLC,B-P0157,Sun-Dried Tomatoes,127.8
B-V010,Tuscany Treats LLC,B-P0158,Basmati Rice 5kg,131.94
B-V010,Tuscany Treats LLC,B-P0159,Smoked Turkey Slices,182.76
B-V010,Tuscany Treats LLC,B-P0160,Roasted Garlic Puree,50.24
B-V010,Tuscany Treats LLC,B-P0161,Whole Wheat Burger Buns,22.66
B-V010,Tuscany Treats LLC,B-P0162,Brown Sugar 2kg,183.87
B-V010,Tuscany Treats LLC,B-P0163,Basmati Rice 5kg,141.17
B-V010,Tuscany Treats LLC,B-P0164,Sparkling Water - Lime,16.95
B-V010,Tuscany Treats LLC,B-P0165,Almond Milk Unsweetened,15.43
B-V011,Fusion Flavors Inc. LLC,B-P0166,Almond Milk Unsweetened,118.79
B-V011,Fusion Flavors Inc. LLC,B-P0167,Sun-Dried Tomatoes,187.19
B-V011,Fusion Flavors Inc. LLC,B-P0168,Greek Yogurt 1L,190.56
B-V011,Fusion Flavors Inc. LLC,B-P0169,Ground Beef 80/20,134.9
B-V011,Fusion Flavors Inc. LLC,B-P0170,Greek Yogurt 1L,64.17
B-V011,Fusion Flavors Inc. LLC,B-P0171,Ground Beef 80/20,61.12
B-V011,Fusion Flavors Inc. LLC,B-P0172,Sourdough Bread Loaf,179.06
B-V011,Fusion Flavors Inc. LLC,B-P0173,Sun-Dried Tomatoes,86.07
B-V011,Fusion Flavors Inc. LLC,B-P0174,Greek Yogurt 1L,122.83
B-V011,Fusion Flavors Inc. LLC,B-P0175,Whole Wheat Burger Buns,193.65
B-V011,Fusion Flavors Inc. LLC,B-P0176,Premium Olive Oil,16.14
B-V011,Fusion Flavors Inc. LLC,B-P0177,Basmati Rice 5Kg,108.35
B-V011,Fusion Flavors Inc. LLC,B-P0178,Premium Olive Oil,104.17
B-V011,Fusion Flavors Inc. LLC,B-P0179,Greek Yogurt 1L,194.89
B-V011,Fusion Flavors Inc. LLC,B-P0180,Whole Grain Pasta,167.14
B-V012,Harvest Fields Foods,B-P0181,Tomato Basil Sauce,198.63
B-V012,Harvest Fields Foods,B-P0182,Almond Milk Unsweetened,170.43
B-V012,Harvest Fields Foods,B-P0183,Sourdough Bread Loaf,63.51
B-V012,Harvest Fields Foods,B-P0184,Brown Sugar 2kg,118.91
B-V012,Harvest Fields Foods,B-P0185,Greek Yogurt 1L,74.9
B-V012,Harvest Fields Foods,B-P0186,Ground Beef 80/20,177.74
B-V012,Harvest Fields Foods,B-P0187,Smoked Turkey Slices,166.36
B-V012,Harvest Fields Foods,B-P0188,Greek Yogurt 1L,158.06
B-V012,Harvest Fields Foods,B-P0189,Whole Wheat Burger Buns,104.16
B-V012,Harvest Fields Foods,B-P0190,Brown Sugar 2kg,78.12
B-V012,Harvest Fields Foods,B-P0191,Premium Olive Oil,114.82
B-V012,Harvest Fields Foods,B-P0192,Whole Grain Pasta,174.41
B-V012,Harvest Fields Foods,B-P0193,Almond Milk Unsweetened,79.56
B-V012,Harvest Fields Foods,B-P0194,Roasted Garlic Puree,85.8
B-V012,Harvest Fields Foods,B-P0195,Greek Yogurt 1L,160.58
B-V013,SpiceCraft Supplies,B-P0196,Smoked Turkey Slices,139.69
B-V013,SpiceCraft Supplies,B-P0197,Premium Olive Oil,85.74
B-V013,SpiceCraft Supplies,B-P0198,Mozzarella Cheese Block,61.08
B-V013,SpiceCraft Supplies,B-P0199,Sourdough Bread Loaf,82.46
B-V013,SpiceCraft Supplies,B-P0200,Fresh Roma Tomatoes,130.41
B-V013,SpiceCraft Supplies,B-P0201,Greek Yogurt 1L,182.01
B-V013,SpiceCraft Supplies,B-P0202,Almond Milk Unsweetened,105.13
B-V013,SpiceCraft Supplies,B-P0203,Roasted Garlic Puree,38.78
B-V013,SpiceCraft Supplies,B-P0204,Brown Sugar 2kg,66.26
B-V013,SpiceCraft Supplies,B-P0205,Basmati Rice 5kg,47.69
B-V013,SpiceCraft Supplies,B-P0206,Smoked Turkey Slices,79.09
B-V013,SpiceCraft Supplies,B-P0207,Basmati Rice 5kg,13.53
B-V013,SpiceCraft Supplies,B-P0208,Brown Sugar 2kg,188.68
B-V013,SpiceCraft Supplies,B-P0209,Greek Yogurt 1L,171.84
B-V013,SpiceCraft Supplies,B-P0210,Truffle Aioli Sauce,49.04
B-V014,Coastal Catchers,B-P0211,Premium Olive Oil,192.14
B-V014,Coastal Catchers,B-P0212,Mozzarella Cheese Block,129.96
B-V014,Coastal Catchers,B-P0213,Ground Beef 80/20,140.84
B-V014,Coastal Catchers,B-P0214,Roasted Garlic Puree,176.59
B-V014,Coastal Catchers,B-P0215,Almond Milk Unsweetened,178.69
B-V014,Coastal Catchers,B-P0216,Greek Yogurt 1L,208.16
B-V014,Coastal Catchers,B-P0217,Premium Olive Oil,104.01
B-V014,Coastal Catchers,B-P0218,Smoked Turkey Slices,189.64
B-V014,Coastal Catchers,B-P0219,Roasted Garlic Puree,75.75
B-V014,Coastal Catchers,B-P0220,Premium Olive Oil,98.04
B-V014,Coastal Catchers,B-P0221,Truffle Aioli Sauce,27.68
B-V014,Coastal Catchers,B-P0222,Roasted Garlic Puree,74.28
B-V014,Coastal Catchers,B-P0223,Sun-Dried Tomatoes,179.43
B-V014,Coastal Catchers,B-P0224,Whole Wheat Burger Buns,20.47
B-V014,Coastal Catchers,B-P0225,Premium Olive Oil,27.84
B-V015,Fresh Picks Market,B-P0226,Roasted Garlic Puree,96.54
B-V015,Fresh Picks Market,B-P0227,Premium Olive Oil,152.66
B-V015,Fresh Picks Market,B-P0228,Truffle Aioli Sauce,48.57
B-V015,Fresh Picks Market,B-P0229,Truffle Aioli Sauce,26.34
B-V015,Fresh Picks Market,B-P0230,Almond Milk Unsweetened,49.27
B-V015,Fresh Picks Market,B-P0231,Sun-Dried Tomatoes,28.18
B-V015,Fresh Picks Market,B-P0232,Organic Chicken Breast,21.53
B-V015,Fresh Picks Market,B-P0233,Brown Sugar 2kg,49.84
B-V015,Fresh Picks Market,B-P0234,Smoked Turkey Slices,78.23
B-V015,Fresh Picks Market,B-P0235,Organic Chicken Breast,63.18
B-V015,Fresh Picks Market,B-P0236,Frozen Shrimp 1000g,27.89
B-V015,Fresh Picks Market,B-P0237,Smoked Turkey Slices,116.16
B-V015,Fresh Picks Market,B-P0238,Whole Wheat Burger Buns,150.21
B-V015,Fresh Picks Market,B-P0239,Truffle Aioli Sauce,107.6
B-V015,Fresh Picks Market,B-P0240,Sparkling Water - Lime,18.09
B-V016,Sizzle & Smoke LLC,B-P0241,Greek Yogurt 1L,157.58
B-V016,Sizzle & Smoke LLC,B-P0242,Sun-Dried Tomatoes,24.48
B-V016,Sizzle & Smoke LLC,B-P0243,Fresh Roma Tomatoes,33.17
B-V016,Sizzle & Smoke LLC,B-P0244,Sparkling Water - Lime,113.15
B-V016,Sizzle & Smoke LLC,B-P0245,Premium Olive Oil,165.66
B-V016,Sizzle & Smoke LLC,B-P0246,Roasted Garlic Puree,145.54
B-V016,Sizzle & Smoke LLC,B-P0247,Smoked Turkey Slices,87.13
B-V016,Sizzle & Smoke LLC,B-P0248,Premium Olive Oil,65.98
B-V016,Sizzle & Smoke LLC,B-P0249,Whole Wheat Burger Buns,129.01
B-V016,Sizzle & Smoke LLC,B-P0250,Fresh Roma Tomatoes,29.03
B-V016,Sizzle & Smoke LLC,B-P0251,Whole Wheat Burger Buns,119.64
B-V016,Sizzle & Smoke LLC,B-P0252,Whole Grain Pasta,82.86
B-V016,Sizzle & Smoke LLC,B-P0253,Mozzarella Cheese Block,178.62
B-V016,Sizzle & Smoke LLC,B-P0254,Sourdough Bread Loaf,53.92
B-V016,Sizzle & Smoke LLC,B-P0255,Truffle Aioli Sauce,179.58
B-V017,Nature's Basket,B-P0256,Roasted Garlic Puree,199.41
B-V017,Nature's Basket,B-P0257,Almond Milk Unsweetened,16.31
B-V017,Nature's Basket,B-P0258,Ground Beef 80/20,71.22
B-V017,Nature's Basket,B-P0259,Cheddar Cheese Slices,21.32
B-V017,Nature's Basket,B-P0260,Sourdough Bread Loaf,49.26
B-V017,Nature's Basket,B-P0261,Truffle Aioli Sauce,75.32
B-V017,Nature's Basket,B-P0262,Sparkling Water - Lime,24.35
B-V017,Nature's Basket,B-P0263,Sparkling Water - Lime,19.23
B-V017,Nature's Basket,B-P0264,Whole Grain Pasta,97.64
B-V017,Nature's Basket,B-P0265,Sourdough Bread Loaf,30.26
B-V017,Nature's Basket,B-P0266,Brown Sugar 2kg,96.73
B-V017,Nature's Basket,B-P0267,Sparkling Water - Lime,22.23
B-V017,Nature's Basket,B-P0268,Whole Wheat Burger Buns,143.4
B-V017,Nature's Basket,B-P0269,Greek Yogurt 1L,148.29
B-V017,Nature's Basket,B-P0270,Smoked Turkey Slices,96.06
B-V018,TopChef Supply Co. LLC,B-P0271,Whole Grain Pasta,13.77
B-V018,TopChef Supply Co. LLC,B-P0272,Brown Sugar 2kg,80.16
B-V018,TopChef Supply Co. LLC,B-P0273,Organic Chicken Breast,210.91
B-V018,TopChef Supply Co. LLC,B-P0274,Sun-Dried Tomatoes,165.95
B-V018,TopChef Supply Co. LLC,B-P0275,Premium Olive Oil,55.06
B-V018,TopChef Supply Co. LLC,B-P0276,Basmati Rice 5kg,160.17
B-V018,TopChef Supply Co. LLC,B-P0277,Fresh Roma Tomatoes,107.2
B-V018,TopChef Supply Co. LLC,B-P0278,Truffle Aioli Sauce,72.66
B-V018,TopChef Supply Co. LLC,B-P0279,Whole Wheat Burger Buns,54.56
B-V018,TopChef Supply Co. LLC,B-P0280,Fresh Roma Tomatoes,43.35
B-V018,TopChef Supply Co. LLC,B-P0281,Brown Sugar 2kg,167.48
B-V018,TopChef Supply Co. LLC,B-P0282,Brown Sugar 2kg,141.8
B-V018,TopChef Supply Co. LLC,B-P0283,Ground Beef 80/20,38.23
B-V018,TopChef Supply Co. LLC,B-P0284,Basmati Rice 5kg,161.54
B-V018,TopChef Supply Co. LLC,B-P0285,Basmati Rice 5kg,95.16
B-V019,MetroEats Delivery,B-P0286,Fresh Roma Tomatoes,128.89
B-V019,MetroEats Delivery,B-P0287,Mozzarella Cheese Block,92.04
B-V019,MetroEats Delivery,B-P0288,Greek Yogurt 1L,96.91
B-V019,MetroEats Delivery,B-P0289,Ground Beef 80/20,202.4
B-V019,MetroEats Delivery,B-P0290,Mozzarella Cheese Block,56.38
B-V019,MetroEats Delivery,B-P0291,Sourdough Bread Loaf,136.38
B-V019,MetroEats Delivery,B-P0292,Cheddar Cheese Slices,89.39
B-V019,MetroEats Delivery,B-P0293,Ground Beef 80/20,23.32
B-V019,MetroEats Delivery,B-P0294,Basmati Rice 5kg,55.95
B-V019,MetroEats Delivery,B-P0295,Brown Sugar 2kg,148.82
B-V019,MetroEats Delivery,B-P0296,Cheddar Cheese Slices,33.19
B-V019,MetroEats Delivery,B-P0297,Cheddar Cheese Slices,122.41
B-V019,MetroEats Delivery,B-P0298,Sourdough Bread Loaf,25.09
B-V019,MetroEats Delivery,B-P0299,Basmati Rice 5kg,48.21
B-V019,MetroEats Delivery,B-P0300,Greek Yogurt 1L,42.55